{
  "baseline_macro_f1": 0.9088255749555424,
  "ensemble_macro_f1": 0.927617880709847,
  "weights": {
    "baseline": 0.5,
    "random_forest": 0.25,
    "extra_trees": 0.25
  },
  "rf_cv_macro_f1": 0.5466315109259067,
  "rf_cv_std": 0.012357144098211254,
  "et_cv_macro_f1": 0.5443111941392902,
  "et_cv_std": 0.00472147820260504,
  "val_size": 2186,
  "train_size": 8742,
  "submission": "C:\\Users\\user\\OneDrive\\Desktop\\Hackathon 2025\\Ghana\u2019s Indigenous Intel\\submissions\\ensemble_rf_et_seed42.csv"
}