{
  "lightgbm": 0.8956531346653553,
  "xgboost": 0.891496886170378,
  "catboost": 0.658682897473654,
  "random_forest": 0.7401362134212612,
  "tabnet": 0.6854517786186274
}